-- MySQL dump 10.13  Distrib 5.5.41, for debian-linux-gnu (x86_64)
--
-- Host: localhost    Database: tp_db
-- ------------------------------------------------------
-- Server version	5.5.41-0ubuntu0.14.04.1-log

/*!40101 SET @OLD_CHARACTER_SET_CLIENT=@@CHARACTER_SET_CLIENT */;
/*!40101 SET @OLD_CHARACTER_SET_RESULTS=@@CHARACTER_SET_RESULTS */;
/*!40101 SET @OLD_COLLATION_CONNECTION=@@COLLATION_CONNECTION */;
/*!40101 SET NAMES utf8 */;
/*!40103 SET @OLD_TIME_ZONE=@@TIME_ZONE */;
/*!40103 SET TIME_ZONE='+00:00' */;
/*!40014 SET @OLD_UNIQUE_CHECKS=@@UNIQUE_CHECKS, UNIQUE_CHECKS=0 */;
/*!40014 SET @OLD_FOREIGN_KEY_CHECKS=@@FOREIGN_KEY_CHECKS, FOREIGN_KEY_CHECKS=0 */;
/*!40101 SET @OLD_SQL_MODE=@@SQL_MODE, SQL_MODE='NO_AUTO_VALUE_ON_ZERO' */;
/*!40111 SET @OLD_SQL_NOTES=@@SQL_NOTES, SQL_NOTES=0 */;

--
-- Table structure for table `Followers`
--

DROP TABLE IF EXISTS `Followers`;
/*!40101 SET @saved_cs_client     = @@character_set_client */;
/*!40101 SET character_set_client = utf8 */;
CREATE TABLE `Followers` (
  `follower_email` varchar(30) NOT NULL,
  `followee_email` varchar(30) NOT NULL,
  PRIMARY KEY (`follower_email`,`followee_email`),
  KEY `followee_email` (`followee_email`),
  CONSTRAINT `Followers_ibfk_1` FOREIGN KEY (`follower_email`) REFERENCES `User` (`email`),
  CONSTRAINT `Followers_ibfk_2` FOREIGN KEY (`followee_email`) REFERENCES `User` (`email`)
) ENGINE=InnoDB DEFAULT CHARSET=utf8;
/*!40101 SET character_set_client = @saved_cs_client */;

--
-- Dumping data for table `Followers`
--

LOCK TABLES `Followers` WRITE;
/*!40000 ALTER TABLE `Followers` DISABLE KEYS */;
/*!40000 ALTER TABLE `Followers` ENABLE KEYS */;
UNLOCK TABLES;

--
-- Table structure for table `Forum`
--

DROP TABLE IF EXISTS `Forum`;
/*!40101 SET @saved_cs_client     = @@character_set_client */;
/*!40101 SET character_set_client = utf8 */;
CREATE TABLE `Forum` (
  `id` int(11) NOT NULL AUTO_INCREMENT,
  `name` varchar(50) NOT NULL,
  `short_name` varchar(50) NOT NULL,
  `user` varchar(30) NOT NULL,
  PRIMARY KEY (`id`),
  UNIQUE KEY `name` (`name`),
  UNIQUE KEY `short_name` (`short_name`),
  KEY `user` (`user`),
  CONSTRAINT `Forum_ibfk_1` FOREIGN KEY (`user`) REFERENCES `User` (`email`)
) ENGINE=InnoDB AUTO_INCREMENT=5 DEFAULT CHARSET=utf8;
/*!40101 SET character_set_client = @saved_cs_client */;

--
-- Dumping data for table `Forum`
--

LOCK TABLES `Forum` WRITE;
/*!40000 ALTER TABLE `Forum` DISABLE KEYS */;
INSERT INTO `Forum` VALUES (1,'Forum With Sufficiently Large Name','forumwithsufficientlylargename','example4@mail.ru'),(2,'Forum I','forum1','example@mail.ru'),(3,'Forum II','forum2','example3@mail.ru'),(4,'Форум Три','forum3','richard.nixon@example.com');
/*!40000 ALTER TABLE `Forum` ENABLE KEYS */;
UNLOCK TABLES;

--
-- Table structure for table `Post`
--

DROP TABLE IF EXISTS `Post`;
/*!40101 SET @saved_cs_client     = @@character_set_client */;
/*!40101 SET character_set_client = utf8 */;
CREATE TABLE `Post` (
  `id` int(11) NOT NULL AUTO_INCREMENT,
  `forum` varchar(50) NOT NULL,
  `thread` int(11) NOT NULL,
  `user` varchar(30) NOT NULL,
  `parent` int(11) DEFAULT NULL,
  `childrenAmnt` int(11) NOT NULL,
  `path` varchar(54) DEFAULT NULL,
  `message` text NOT NULL,
  `date` timestamp NOT NULL,
  `isApproved` tinyint(1) NOT NULL,
  `isHighlighted` tinyint(1) NOT NULL,
  `isEdited` tinyint(1) NOT NULL,
  `isSpam` tinyint(1) NOT NULL,
  `isDeleted` tinyint(1) NOT NULL,
  `likes` int(11) NOT NULL,
  `dislikes` int(11) NOT NULL,
  `points` int(11) NOT NULL,
  PRIMARY KEY (`id`),
  KEY `forum` (`forum`),
  KEY `thread` (`thread`),
  KEY `user` (`user`),
  CONSTRAINT `Post_ibfk_1` FOREIGN KEY (`forum`) REFERENCES `Forum` (`short_name`),
  CONSTRAINT `Post_ibfk_2` FOREIGN KEY (`thread`) REFERENCES `Thread` (`id`),
  CONSTRAINT `Post_ibfk_3` FOREIGN KEY (`user`) REFERENCES `User` (`email`)
) ENGINE=InnoDB AUTO_INCREMENT=6 DEFAULT CHARSET=utf8;
/*!40101 SET character_set_client = @saved_cs_client */;

--
-- Dumping data for table `Post`
--

LOCK TABLES `Post` WRITE;
/*!40000 ALTER TABLE `Post` DISABLE KEYS */;
INSERT INTO `Post` VALUES (1,'forum2',3,'example3@mail.ru',NULL,0,'0001','my message 1my message 1my message 1my message 1my message 1my message 1my message 1my message 1my message 1my message 1my message 1my message 1my message 1my message 1my message 1my message 1my message 1my message 1my message 1my message 1my message 1my message 1my message 1my message 1my message 1my message 1my message 1my message 1my message 1my message 1my message 1my message 1my message 1my message 1my message 1my message 1my message 1my message 1my message 1my message 1my message 1my message 1my message 1my message 1my message 1my message 1my message 1my message 1my message 1my message 1my message 1my message 1my message 1my message 1my message 1my message 1my message 1my message 1my message 1my message 1my message 1my message 1my message 1my message 1my message 1my message 1my message 1my message 1my message 1my message 1my message 1my message 1my message 1my message 1my message 1my message 1my message 1my message 1my message 1my message 1my message 1my message 1my message 1my message 1my message 1my message 1my message 1my message 1my message 1my message 1my message 1my message 1my message 1my message 1my message 1my message 1my message 1my message 1my message 1my message 1','2013-12-31 20:00:01',1,1,1,0,0,0,1,-1),(2,'forum2',3,'example@mail.ru',1,0,'00010001','my message 3my message 3my message 3my message 3my message 3my message 3my message 3my message 3my message 3my message 3my message 3my message 3my message 3my message 3my message 3my message 3my message 3my message 3my message 3my message 3my message 3my message 3my message 3my message 3my message 3my message 3my message 3my message 3my message 3my message 3my message 3my message 3my message 3my message 3my message 3my message 3my message 3my message 3my message 3my message 3my message 3my message 3my message 3my message 3my message 3my message 3my message 3my message 3my message 3my message 3my message 3my message 3my message 3my message 3my message 3my message 3my message 3my message 3my message 3my message 3my message 3my message 3my message 3my message 3my message 3my message 3my message 3my message 3my message 3my message 3my message 3my message 3my message 3my message 3my message 3my message 3my message 3my message 3my message 3my message 3my message 3my message 3my message 3my message 3my message 3my message 3my message 3my message 3my message 3my message 3my message 3my message 3my message 3my message 3my message 3my message 3my message 3my message 3my message 3my message 3my message 3my message 3my message 3my message 3my message 3my message 3my message 3my message 3my message 3my message 3my message 3my message 3my message 3my message 3my message 3my message 3my message 3my message 3my message 3my message 3my message 3my message 3my message 3my message 3my message 3my message 3my message 3my message 3my message 3my message 3my message 3my message 3my message 3my message 3my message 3my message 3my message 3my message 3my message 3my message 3my message 3my message 3my message 3my message 3my message 3my message 3my message 3my message 3my message 3my message 3my message 3my message 3my message 3my message 3my message 3my message 3my message 3my message 3my message 3my message 3my message 3my message 3my message 3my message 3my message 3my message 3my message 3my message 3my message 3my message 3my message 3my message 3my message 3my message 3my message 3my message 3my message 3my message 3my message 3my message 3my message 3my message 3my message 3my message 3my message 3my message 3my message 3my message 3my message 3my message 3my message 3my message 3my message 3my message 3my message 3my message 3my message 3my message 3my message 3my message 3my message 3my message 3my message 3my message 3my message 3my message 3my message 3my message 3my message 3my message 3my message 3my message 3my message 3my message 3my message 3my message 3my message 3my message 3my message 3my message 3my message 3my message 3my message 3my message 3my message 3my message 3my message 3my message 3my message 3my message 3my message 3my message 3my message 3my message 3my message 3my message 3my message 3my message 3my message 3my message 3my message 3my message 3my message 3my message 3my message 3my message 3my message 3my message 3my message 3my message 3my message 3my message 3my message 3my message 3my message 3my message 3my message 3my message 3my message 3my message 3my message 3my message 3my message 3my message 3my message 3my message 3my message 3my message 3my message 3my message 3my message 3my message 3my message 3my message 3my message 3my message 3my message 3my message 3my message 3my message 3my message 3my message 3my message 3my message 3my message 3my message 3my message 3my message 3my message 3my message 3my message 3my message 3my message 3my message 3my message 3my message 3my message 3my message 3my message 3my message 3my message 3my message 3my message 3my message 3my message 3my message 3my message 3my message 3my message 3my message 3my message 3my message 3my message 3my message 3my message 3my message 3my message 3my message 3my message 3my message 3my message 3my message 3my message 3my message 3my message 3my message 3my message 3my message 3my message 3my message 3my message 3my message 3my message 3my message 3my message 3my message 3my message 3my message 3my message 3my message 3my message 3my message 3my message 3my message 3my message 3my message 3my message 3my message 3my message 3my message 3my message 3my message 3my message 3my message 3my message 3my message 3my message 3my message 3my message 3my message 3my message 3my message 3my message 3my message 3my message 3my message 3my message 3my message 3my message 3my message 3my message 3my message 3my message 3my message 3my message 3my message 3my message 3my message 3my message 3my message 3my message 3my message 3my message 3my message 3my message 3my message 3my message 3my message 3my message 3my message 3my message 3my message 3my message 3my message 3my message 3my message 3my message 3my message 3my message 3my message 3my message 3my message 3my message 3my message 3my message 3my message 3my message 3my message 3my message 3my message 3my message 3my message 3my message 3my message 3my message 3my message 3my message 3my message 3my message 3my message 3my message 3my message 3my message 3my message 3my message 3my message 3my message 3my message 3my message 3my message 3my message 3my message 3my message 3my message 3my message 3my message 3my message 3my message 3my message 3my message 3my message 3my message 3my message 3my message 3my message 3my message 3my message 3my message 3my message 3my message 3my message 3my message 3my message 3my message 3my message 3my message 3my message 3my message 3my message 3my message 3my message 3my message 3my message 3my message 3my message 3my message 3my message 3my message 3my message 3my message 3my message 3my message 3my message 3my message 3my message 3my message 3my message 3my message 3my message 3my message 3my message 3my message 3my message 3my message 3my message 3my message 3my message 3my message 3my message 3my message 3my message 3my message 3my message 3my message 3my message 3my message 3my message 3my message 3my message 3my message 3my message 3my message 3my message 3my message 3my message 3my message 3my message 3my message 3my message 3my message 3my message 3my message 3my message 3my message 3my message 3my message 3my message 3my message 3my message 3my message 3my message 3my message 3my message 3my message 3my message 3my message 3my message 3my message 3my message 3my message 3my message 3my message 3my message 3my message 3my message 3my message 3my message 3my message 3my message 3my message 3my message 3my message 3my message 3my message 3my message 3my message 3my message 3my message 3my message 3my message 3my message 3my message 3my message 3my message 3my message 3my message 3my message 3my message 3my message 3my message 3my message 3my message 3my message 3my message 3my message 3my message 3my message 3my message 3my message 3my message 3my message 3my message 3my message 3my message 3my message 3my message 3my message 3my message 3my message 3my message 3my message 3my message 3my message 3my message 3my message 3my message 3my message 3my message 3my message 3my message 3my message 3my message 3my message 3my message 3my message 3my message 3my message 3my message 3my message 3my message 3my message 3my message 3my message 3my message 3my message 3my message 3my message 3my message 3my message 3my message 3my message 3my message 3my message 3my message 3my message 3my message 3my message 3my message 3my message 3my message 3my message 3my message 3my message 3my message 3my message 3my message 3my message 3my message 3my message 3my message 3my message 3my message 3my message 3my message 3my message 3my message 3my message 3my message 3my message 3my message 3my message 3my message 3my message 3my message 3my message 3my message 3my message 3my message 3my message 3my message 3my message 3my message 3my message 3my message 3my message 3my message 3my message 3my message 3my message 3my message 3my message 3my message 3my message 3my message 3my message 3my message 3my message 3my message 3my message 3my message 3my message 3my message 3my message 3my message 3my message 3my message 3my message 3my message 3my message 3my message 3my message 3my message 3my message 3my message 3my message 3my message 3my message 3my message 3my message 3my message 3my message 3my message 3my message 3my message 3my message 3my message 3my message 3my message 3my message 3my message 3my message 3my message 3my message 3my message 3my message 3my message 3my message 3my message 3my message 3my message 3my message 3my message 3my message 3my message 3my message 3my message 3my message 3my message 3my message 3my message 3my message 3my message 3my message 3my message 3my message 3my message 3my message 3my message 3my message 3my message 3my message 3my message 3my message 3my message 3my message 3my message 3my message 3my message 3my message 3my message 3my message 3my message 3my message 3my message 3my message 3my message 3my message 3my message 3my message 3my message 3my message 3my message 3my message 3my message 3my message 3my message 3my message 3my message 3my message 3my message 3my message 3my message 3my message 3my message 3my message 3my message 3my message 3my message 3my message 3my message 3my message 3my message 3my message 3my message 3my message 3my message 3my message 3my message 3my message 3my message 3my message 3my message 3my message 3my message 3my message 3my message 3my message 3my message 3my message 3my message 3my message 3my message 3my message 3my message 3my message 3my message 3my message 3my message 3my message 3my message 3my message 3my message 3my message 3my message 3my message 3my message 3my message 3my message 3my message 3my message 3my message 3my message 3my message 3my message 3my message 3my message 3my message 3my message 3my message 3my message 3my message 3my message 3my message 3my message 3my message 3my message 3my message 3my message 3my message 3my message 3my message 3my message 3my message 3my message 3my message 3my message 3my message 3my message 3my message 3my message 3my message 3my message 3my message 3my message 3my message 3my message 3my message 3my message 3my message 3my message 3my message 3my message 3my message 3my message 3my message 3my message 3my message 3my message 3my message 3my message 3my message 3my message 3my message 3my message 3my message 3my message 3my message 3my message 3my message 3my message 3my message 3my message 3my message 3my message 3my message 3my message 3my message 3my message 3my message 3my message 3my message 3my message 3my message 3my message 3my message 3my message 3my message 3my message 3my message 3my message 3my message 3my message 3my message 3my message 3my message 3my message 3my message 3my message 3my message 3my message 3my message 3my message 3my message 3my message 3my message 3my message 3my message 3my message 3my message 3my message 3my message 3my message 3my message 3my message 3my message 3my message 3my message 3my message 3my message 3my message 3my message 3my message 3my message 3my message 3my message 3my message 3my message 3my message 3my message 3my message 3my message 3my message 3my message 3my message 3my message 3my message 3my message 3my message 3my message 3my message 3my message 3my message 3my message 3my message 3my message 3my message 3my message 3my message 3my message 3my message 3my message 3my message 3my message 3my message 3my message 3my message 3my message 3my message 3my message 3my message 3my message 3my message 3my message 3my message 3my message 3my message 3my message 3my message 3my message 3my message 3my message 3my message 3my message 3my message 3my message 3my message 3my message 3my message 3my message 3my message 3my message 3my message 3my message 3my message 3my message 3my message 3my message 3my message 3my message 3my message 3my message 3my message 3my message 3my message 3my message 3my message 3my message 3my message 3my message 3my message 3','2013-12-31 20:02:01',0,0,1,0,0,0,0,0),(3,'forum2',3,'richard.nixon@example.com',2,0,'000100010001','my message 1','2014-01-01 20:02:01',0,0,1,1,0,0,0,0),(4,'forum3',2,'example4@mail.ru',NULL,0,'0001','my message 1my message 1my message 1my message 1my message 1my message 1my message 1my message 1my message 1my message 1my message 1my message 1my message 1my message 1my message 1my message 1my message 1my message 1my message 1my message 1my message 1my message 1my message 1my message 1my message 1my message 1my message 1my message 1my message 1my message 1my message 1my message 1my message 1my message 1my message 1my message 1my message 1my message 1my message 1my message 1my message 1my message 1my message 1my message 1my message 1my message 1my message 1my message 1my message 1my message 1my message 1my message 1my message 1my message 1my message 1my message 1my message 1my message 1my message 1my message 1my message 1my message 1my message 1my message 1my message 1my message 1my message 1my message 1my message 1my message 1my message 1my message 1my message 1my message 1my message 1my message 1my message 1my message 1my message 1my message 1my message 1my message 1my message 1my message 1my message 1my message 1my message 1my message 1my message 1my message 1my message 1my message 1my message 1my message 1my message 1my message 1my message 1my message 1my message 1my message 1my message 1my message 1my message 1my message 1my message 1my message 1my message 1my message 1my message 1my message 1my message 1my message 1my message 1my message 1my message 1my message 1my message 1my message 1my message 1my message 1my message 1my message 1my message 1my message 1my message 1my message 1my message 1my message 1my message 1my message 1my message 1my message 1my message 1my message 1my message 1my message 1my message 1my message 1my message 1my message 1my message 1my message 1my message 1my message 1my message 1my message 1my message 1my message 1my message 1my message 1my message 1my message 1my message 1my message 1my message 1my message 1my message 1my message 1my message 1my message 1my message 1my message 1my message 1my message 1my message 1my message 1my message 1my message 1my message 1my message 1my message 1my message 1my message 1my message 1my message 1my message 1my message 1my message 1my message 1my message 1my message 1my message 1my message 1my message 1my message 1my message 1my message 1my message 1my message 1my message 1my message 1my message 1my message 1my message 1my message 1my message 1my message 1my message 1my message 1my message 1my message 1my message 1my message 1my message 1my message 1my message 1my message 1my message 1my message 1my message 1my message 1my message 1my message 1my message 1my message 1my message 1my message 1my message 1my message 1my message 1my message 1my message 1my message 1my message 1my message 1my message 1my message 1my message 1my message 1my message 1my message 1my message 1my message 1my message 1my message 1my message 1my message 1my message 1my message 1my message 1my message 1my message 1my message 1my message 1my message 1my message 1my message 1my message 1my message 1my message 1my message 1my message 1my message 1my message 1my message 1my message 1my message 1my message 1my message 1my message 1my message 1my message 1my message 1my message 1my message 1my message 1my message 1my message 1my message 1my message 1my message 1my message 1my message 1my message 1my message 1my message 1my message 1my message 1my message 1my message 1my message 1my message 1my message 1my message 1my message 1my message 1my message 1my message 1my message 1my message 1my message 1my message 1my message 1my message 1my message 1my message 1my message 1my message 1my message 1my message 1my message 1my message 1my message 1my message 1my message 1my message 1my message 1my message 1my message 1my message 1my message 1my message 1my message 1my message 1my message 1my message 1my message 1my message 1my message 1my message 1my message 1my message 1my message 1my message 1my message 1my message 1my message 1my message 1my message 1my message 1my message 1my message 1my message 1my message 1my message 1my message 1my message 1my message 1my message 1my message 1my message 1my message 1my message 1my message 1my message 1my message 1my message 1my message 1my message 1my message 1my message 1my message 1my message 1my message 1my message 1my message 1my message 1my message 1my message 1my message 1my message 1my message 1my message 1my message 1my message 1my message 1my message 1my message 1my message 1my message 1my message 1my message 1my message 1my message 1my message 1my message 1my message 1my message 1my message 1my message 1my message 1my message 1my message 1my message 1my message 1my message 1my message 1my message 1my message 1my message 1my message 1my message 1my message 1my message 1my message 1my message 1my message 1my message 1my message 1my message 1my message 1my message 1my message 1my message 1my message 1my message 1my message 1my message 1my message 1my message 1my message 1my message 1my message 1my message 1my message 1my message 1my message 1my message 1my message 1my message 1my message 1my message 1my message 1my message 1my message 1my message 1my message 1my message 1my message 1my message 1my message 1my message 1my message 1my message 1my message 1my message 1my message 1my message 1my message 1my message 1my message 1my message 1my message 1my message 1my message 1my message 1my message 1my message 1my message 1my message 1my message 1my message 1my message 1my message 1my message 1my message 1my message 1my message 1my message 1my message 1my message 1my message 1my message 1my message 1my message 1my message 1my message 1my message 1my message 1my message 1my message 1my message 1my message 1my message 1my message 1my message 1my message 1my message 1my message 1my message 1my message 1my message 1my message 1my message 1my message 1my message 1my message 1my message 1my message 1my message 1my message 1my message 1my message 1my message 1my message 1my message 1my message 1my message 1my message 1my message 1','2014-01-02 20:01:01',1,0,0,0,0,0,0,0),(5,'forum1',1,'example2@mail.ru',NULL,0,'0001','my message 1','2014-01-02 20:08:01',0,0,0,0,0,0,0,0);
/*!40000 ALTER TABLE `Post` ENABLE KEYS */;
UNLOCK TABLES;

--
-- Table structure for table `Subscriptions`
--

DROP TABLE IF EXISTS `Subscriptions`;
/*!40101 SET @saved_cs_client     = @@character_set_client */;
/*!40101 SET character_set_client = utf8 */;
CREATE TABLE `Subscriptions` (
  `user` varchar(30) NOT NULL,
  `thread` int(11) NOT NULL,
  PRIMARY KEY (`user`,`thread`),
  KEY `thread` (`thread`),
  CONSTRAINT `Subscriptions_ibfk_1` FOREIGN KEY (`user`) REFERENCES `User` (`email`),
  CONSTRAINT `Subscriptions_ibfk_2` FOREIGN KEY (`thread`) REFERENCES `Thread` (`id`)
) ENGINE=InnoDB DEFAULT CHARSET=utf8;
/*!40101 SET character_set_client = @saved_cs_client */;

--
-- Dumping data for table `Subscriptions`
--

LOCK TABLES `Subscriptions` WRITE;
/*!40000 ALTER TABLE `Subscriptions` DISABLE KEYS */;
INSERT INTO `Subscriptions` VALUES ('example2@mail.ru',2),('example4@mail.ru',2),('richard.nixon@example.com',2),('example@mail.ru',3);
/*!40000 ALTER TABLE `Subscriptions` ENABLE KEYS */;
UNLOCK TABLES;

--
-- Table structure for table `Thread`
--

DROP TABLE IF EXISTS `Thread`;
/*!40101 SET @saved_cs_client     = @@character_set_client */;
/*!40101 SET character_set_client = utf8 */;
CREATE TABLE `Thread` (
  `id` int(11) NOT NULL AUTO_INCREMENT,
  `forum` varchar(50) NOT NULL,
  `user` varchar(30) NOT NULL,
  `title` varchar(50) NOT NULL,
  `message` text NOT NULL,
  `slug` varchar(50) NOT NULL,
  `date` timestamp NOT NULL,
  `isClosed` tinyint(1) NOT NULL,
  `isDeleted` tinyint(1) NOT NULL,
  `posts` int(11) NOT NULL,
  `likes` int(11) NOT NULL,
  `dislikes` int(11) NOT NULL,
  `points` int(11) NOT NULL,
  PRIMARY KEY (`id`),
  KEY `forum` (`forum`),
  KEY `user` (`user`),
  CONSTRAINT `Thread_ibfk_1` FOREIGN KEY (`forum`) REFERENCES `Forum` (`short_name`),
  CONSTRAINT `Thread_ibfk_2` FOREIGN KEY (`user`) REFERENCES `User` (`email`)
) ENGINE=InnoDB AUTO_INCREMENT=5 DEFAULT CHARSET=utf8;
/*!40101 SET character_set_client = @saved_cs_client */;

--
-- Dumping data for table `Thread`
--

LOCK TABLES `Thread` WRITE;
/*!40000 ALTER TABLE `Thread` DISABLE KEYS */;
INSERT INTO `Thread` VALUES (1,'forum1','richard.nixon@example.com','Thread With Sufficiently Large Title','hey hey hey hey!','Threadwithsufficientlylargetitle','2013-12-31 20:00:01',1,1,1,0,0,0),(2,'forum3','example4@mail.ru','Thread I','hey!','thread1','2013-12-30 20:01:01',0,0,1,1,0,1),(3,'forum2','richard.nixon@example.com','Thread II','hey hey!','thread2','2013-12-29 20:01:01',0,0,3,0,0,0),(4,'forum2','example4@mail.ru','Тред Три','hey hey hey! hey hey hey! hey hey hey! hey hey hey! hey hey hey! hey hey hey! hey hey hey! hey hey hey! hey hey hey! hey hey hey! hey hey hey! hey hey hey! hey hey hey! hey hey hey! hey hey hey! hey hey hey! hey hey hey! hey hey hey! hey hey hey! hey hey hey! hey hey hey! hey hey hey! hey hey hey! hey hey hey! hey hey hey! hey hey hey! hey hey hey! hey hey hey! hey hey hey! hey hey hey! hey hey hey! hey hey hey! hey hey hey! hey hey hey! hey hey hey! hey hey hey! hey hey hey! hey hey hey! hey hey hey! hey hey hey! hey hey hey! hey hey hey! hey hey hey! hey hey hey! hey hey hey! hey hey hey! hey hey hey! hey hey hey! hey hey hey! hey hey hey! hey hey hey! hey hey hey! hey hey hey! hey hey hey! hey hey hey! hey hey hey! hey hey hey! hey hey hey! hey hey hey! hey hey hey! hey hey hey! hey hey hey! hey hey hey! hey hey hey! hey hey hey! hey hey hey! hey hey hey! hey hey hey! hey hey hey! hey hey hey! hey hey hey! hey hey hey! hey hey hey! hey hey hey! hey hey hey! hey hey hey! hey hey hey! hey hey hey! hey hey hey! hey hey hey! hey hey hey! hey hey hey! hey hey hey! hey hey hey! hey hey hey! hey hey hey! hey hey hey! hey hey hey! hey hey hey! hey hey hey! hey hey hey! hey hey hey! hey hey hey! hey hey hey! hey hey hey! hey hey hey! hey hey hey! hey hey hey! hey hey hey! hey hey hey! hey hey hey! hey hey hey! hey hey hey! hey hey hey! hey hey hey! hey hey hey! hey hey hey! hey hey hey! hey hey hey! hey hey hey! hey hey hey! hey hey hey! hey hey hey! hey hey hey! hey hey hey! hey hey hey! hey hey hey! hey hey hey! hey hey hey! hey hey hey! hey hey hey! hey hey hey! hey hey hey! hey hey hey! hey hey hey! hey hey hey! hey hey hey! hey hey hey! hey hey hey! hey hey hey! hey hey hey! hey hey hey! hey hey hey! hey hey hey! hey hey hey! hey hey hey! hey hey hey! hey hey hey! hey hey hey! hey hey hey! hey hey hey! hey hey hey! hey hey hey! hey hey hey! hey hey hey! hey hey hey! hey hey hey! hey hey hey! hey hey hey! hey hey hey! hey hey hey! hey hey hey! hey hey hey! hey hey hey! hey hey hey! hey hey hey! hey hey hey! hey hey hey! hey hey hey! hey hey hey! hey hey hey! hey hey hey! hey hey hey! hey hey hey! hey hey hey! hey hey hey! hey hey hey! hey hey hey! hey hey hey! hey hey hey! hey hey hey! hey hey hey! hey hey hey! hey hey hey! hey hey hey! hey hey hey! hey hey hey! hey hey hey! hey hey hey! hey hey hey! hey hey hey! hey hey hey! hey hey hey! hey hey hey! hey hey hey! hey hey hey! hey hey hey! hey hey hey! hey hey hey! hey hey hey! hey hey hey! hey hey hey! hey hey hey! hey hey hey! hey hey hey! hey hey hey! hey hey hey! hey hey hey! hey hey hey! hey hey hey! hey hey hey! hey hey hey! hey hey hey! hey hey hey! hey hey hey! hey hey hey! hey hey hey! hey hey hey! hey hey hey! hey hey hey! hey hey hey! hey hey hey! hey hey hey! hey hey hey! hey hey hey! hey hey hey! hey hey hey! hey hey hey! hey hey hey! hey hey hey! hey hey hey! hey hey hey! hey hey hey! hey hey hey! hey hey hey! hey hey hey! hey hey hey! hey hey hey! hey hey hey! hey hey hey! hey hey hey! hey hey hey! hey hey hey! hey hey hey! hey hey hey! hey hey hey! hey hey hey! hey hey hey! hey hey hey! hey hey hey! hey hey hey! hey hey hey! hey hey hey! hey hey hey! hey hey hey! hey hey hey! hey hey hey! hey hey hey! hey hey hey! hey hey hey! hey hey hey! hey hey hey! hey hey hey! hey hey hey! hey hey hey! hey hey hey! hey hey hey! hey hey hey! hey hey hey! hey hey hey! hey hey hey! hey hey hey! hey hey hey! hey hey hey! hey hey hey! hey hey hey! hey hey hey! hey hey hey! hey hey hey! hey hey hey! hey hey hey! hey hey hey! hey hey hey! hey hey hey! hey hey hey! hey hey hey! hey hey hey! hey hey hey! hey hey hey! hey hey hey! hey hey hey! hey hey hey! hey hey hey! hey hey hey! hey hey hey! hey hey hey! hey hey hey! hey hey hey! hey hey hey! hey hey hey! hey hey hey! hey hey hey! hey hey hey! hey hey hey! hey hey hey! hey hey hey! hey hey hey! hey hey hey! hey hey hey! hey hey hey! ','newslug','2013-12-28 20:01:01',0,0,0,0,0,0);
/*!40000 ALTER TABLE `Thread` ENABLE KEYS */;
UNLOCK TABLES;

--
-- Table structure for table `User`
--

DROP TABLE IF EXISTS `User`;
/*!40101 SET @saved_cs_client     = @@character_set_client */;
/*!40101 SET character_set_client = utf8 */;
CREATE TABLE `User` (
  `id` int(11) NOT NULL AUTO_INCREMENT,
  `about` text,
  `email` varchar(30) NOT NULL,
  `isAnonymous` tinyint(1) NOT NULL,
  `name` varchar(30) DEFAULT NULL,
  `username` varchar(30) DEFAULT NULL,
  PRIMARY KEY (`id`),
  UNIQUE KEY `email` (`email`)
) ENGINE=InnoDB AUTO_INCREMENT=6 DEFAULT CHARSET=utf8;
/*!40101 SET character_set_client = @saved_cs_client */;

--
-- Dumping data for table `User`
--

LOCK TABLES `User` WRITE;
/*!40000 ALTER TABLE `User` DISABLE KEYS */;
INSERT INTO `User` VALUES (1,'hello im user1','example@mail.ru',0,'John','user1'),(2,NULL,'richard.nixon@example.com',1,NULL,NULL),(3,'Wowowowow','example2@mail.ru',0,'NewName','user2'),(4,'Wowowowow!!!','example3@mail.ru',0,'NewName2','user3'),(5,'hello im user4','example4@mail.ru',0,'Jim','user4');
/*!40000 ALTER TABLE `User` ENABLE KEYS */;
UNLOCK TABLES;
/*!40103 SET TIME_ZONE=@OLD_TIME_ZONE */;

/*!40101 SET SQL_MODE=@OLD_SQL_MODE */;
/*!40014 SET FOREIGN_KEY_CHECKS=@OLD_FOREIGN_KEY_CHECKS */;
/*!40014 SET UNIQUE_CHECKS=@OLD_UNIQUE_CHECKS */;
/*!40101 SET CHARACTER_SET_CLIENT=@OLD_CHARACTER_SET_CLIENT */;
/*!40101 SET CHARACTER_SET_RESULTS=@OLD_CHARACTER_SET_RESULTS */;
/*!40101 SET COLLATION_CONNECTION=@OLD_COLLATION_CONNECTION */;
/*!40111 SET SQL_NOTES=@OLD_SQL_NOTES */;

-- Dump completed on 2015-03-24 16:46:28
